{"entities":{"pages":{"Default-topic":{"id":"Default-topic","title":"This is the first topic","url":"default-topic.html","level":0,"tabIndex":0},"Starter":{"id":"Starter","title":"Starter","url":"starter.html","level":0,"tabIndex":1},"How-to":{"id":"How-to","title":"How to","url":"how-to.html","level":0,"tabIndex":2},"Overview":{"id":"Overview","title":"Overview","url":"overview.html","level":0,"tabIndex":3},"Reference":{"id":"Reference","title":"Reference","url":"reference.html","level":0,"tabIndex":4},"Tutorial":{"id":"Tutorial","title":"Tutorial","url":"tutorial.html","level":0,"tabIndex":5}}},"topLevelIds":["Default-topic","Starter","How-to","Overview","Reference","Tutorial"]}